{
  "schema_version": "retrieval-recall-benchmark-v1-results",
  "retrieval_modes": {
    "dense_baseline": {
      "Recall@1": 0.0,
      "core_Recall@1": 0.0,
      "Recall@3": 0.25925925925925924,
      "core_Recall@3": 0.1111111111111111,
      "Recall@5": 0.25925925925925924,
      "core_Recall@5": 0.1111111111111111,
      "Recall@8": 0.25925925925925924,
      "core_Recall@8": 0.1111111111111111,
      "Recall@12": 0.25925925925925924,
      "core_Recall@12": 0.1111111111111111,
      "any_valid_Recall@12": 0.25925925925925924,
      "candidate_set_Recall@12": 0.25925925925925924,
      "MRR@12": 0.1111111111111111,
      "nDCG@12": 0.1237829154812862,
      "equivalent_only_hit_rate": 0.14814814814814814,
      "paper_recall": 1.0,
      "numeric_claim_Recall@12": 0.2,
      "range_claim_Recall@12": 0.0,
      "comparison_claim_Recall@12": 0.5,
      "limitation_claim_Recall@12": 0.5,
      "same_page_completion_contribution": 0.0,
      "adjacent_evidence_contribution": 0.0,
      "duplicate_rate": 0.0,
      "irrelevant_candidate_rate": 0.8888888888888888,
      "hard_negative_intrusion": 0.8888888888888888,
      "top1_hard_negative_rate": 1.0,
      "numeric_mismatch_rate": 0.0,
      "polarity_mismatch_rate": 0.0
    },
    "dense_adjacent": {
      "Recall@1": 0.037037037037037035,
      "core_Recall@1": 0.037037037037037035,
      "Recall@3": 0.4074074074074074,
      "core_Recall@3": 0.25925925925925924,
      "Recall@5": 0.4074074074074074,
      "core_Recall@5": 0.25925925925925924,
      "Recall@8": 0.4074074074074074,
      "core_Recall@8": 0.25925925925925924,
      "Recall@12": 0.4074074074074074,
      "core_Recall@12": 0.25925925925925924,
      "any_valid_Recall@12": 0.4074074074074074,
      "candidate_set_Recall@12": 0.4074074074074074,
      "MRR@12": 0.18518518518518517,
      "nDCG@12": 0.2163755080738788,
      "equivalent_only_hit_rate": 0.14814814814814814,
      "paper_recall": 1.0,
      "numeric_claim_Recall@12": 0.2,
      "range_claim_Recall@12": 0.0,
      "comparison_claim_Recall@12": 0.5,
      "limitation_claim_Recall@12": 0.5,
      "same_page_completion_contribution": 0.0,
      "adjacent_evidence_contribution": 0.0,
      "duplicate_rate": 0.0,
      "irrelevant_candidate_rate": 0.8641975308641975,
      "hard_negative_intrusion": 0.8641975308641975,
      "top1_hard_negative_rate": 0.9629629629629629,
      "numeric_mismatch_rate": 0.0,
      "polarity_mismatch_rate": 0.0
    },
    "bm25": {
      "Recall@1": 0.5555555555555556,
      "core_Recall@1": 0.4444444444444444,
      "Recall@3": 0.9259259259259259,
      "core_Recall@3": 0.7407407407407407,
      "Recall@5": 0.9259259259259259,
      "core_Recall@5": 0.7407407407407407,
      "Recall@8": 0.9629629629629629,
      "core_Recall@8": 0.7407407407407407,
      "Recall@12": 1.0,
      "core_Recall@12": 0.7777777777777778,
      "any_valid_Recall@12": 1.0,
      "candidate_set_Recall@12": 1.0,
      "MRR@12": 0.7317620650953984,
      "nDCG@12": 0.7708979778584552,
      "equivalent_only_hit_rate": 0.2222222222222222,
      "paper_recall": 1.0,
      "numeric_claim_Recall@12": 1.0,
      "range_claim_Recall@12": 1.0,
      "comparison_claim_Recall@12": 1.0,
      "limitation_claim_Recall@12": 1.0,
      "same_page_completion_contribution": 0.0,
      "adjacent_evidence_contribution": 0.0,
      "duplicate_rate": 0.0,
      "irrelevant_candidate_rate": 0.9074074074074074,
      "hard_negative_intrusion": 0.9074074074074074,
      "top1_hard_negative_rate": 0.4444444444444444,
      "numeric_mismatch_rate": 0.0,
      "polarity_mismatch_rate": 0.0
    },
    "numeric_lexical": {
      "Recall@1": 0.037037037037037035,
      "core_Recall@1": 0.037037037037037035,
      "Recall@3": 0.07407407407407407,
      "core_Recall@3": 0.07407407407407407,
      "Recall@5": 0.07407407407407407,
      "core_Recall@5": 0.07407407407407407,
      "Recall@8": 0.07407407407407407,
      "core_Recall@8": 0.07407407407407407,
      "Recall@12": 0.07407407407407407,
      "core_Recall@12": 0.07407407407407407,
      "any_valid_Recall@12": 0.07407407407407407,
      "candidate_set_Recall@12": 0.07407407407407407,
      "MRR@12": 0.05555555555555555,
      "nDCG@12": 0.06040480568783176,
      "equivalent_only_hit_rate": 0.0,
      "paper_recall": 0.07407407407407407,
      "numeric_claim_Recall@12": 0.4,
      "range_claim_Recall@12": 0.5,
      "comparison_claim_Recall@12": 0.0,
      "limitation_claim_Recall@12": 0.0,
      "same_page_completion_contribution": 0.0,
      "adjacent_evidence_contribution": 0.0,
      "duplicate_rate": 0.0,
      "irrelevant_candidate_rate": 0.8461538461538461,
      "hard_negative_intrusion": 0.8461538461538461,
      "top1_hard_negative_rate": 0.037037037037037035,
      "numeric_mismatch_rate": 0.0,
      "polarity_mismatch_rate": 0.0
    },
    "dense_bm25_rrf": {
      "Recall@1": 0.2962962962962963,
      "core_Recall@1": 0.14814814814814814,
      "Recall@3": 0.7037037037037037,
      "core_Recall@3": 0.48148148148148145,
      "Recall@5": 0.9629629629629629,
      "core_Recall@5": 0.7407407407407407,
      "Recall@8": 0.9629629629629629,
      "core_Recall@8": 0.7407407407407407,
      "Recall@12": 0.9629629629629629,
      "core_Recall@12": 0.7407407407407407,
      "any_valid_Recall@12": 0.9629629629629629,
      "candidate_set_Recall@12": 0.9629629629629629,
      "MRR@12": 0.5530864197530865,
      "nDCG@12": 0.6157828915143692,
      "equivalent_only_hit_rate": 0.2222222222222222,
      "paper_recall": 1.0,
      "numeric_claim_Recall@12": 1.0,
      "range_claim_Recall@12": 1.0,
      "comparison_claim_Recall@12": 1.0,
      "limitation_claim_Recall@12": 1.0,
      "same_page_completion_contribution": 0.0,
      "adjacent_evidence_contribution": 0.0,
      "duplicate_rate": 0.0,
      "irrelevant_candidate_rate": 0.9104938271604939,
      "hard_negative_intrusion": 0.9104938271604939,
      "top1_hard_negative_rate": 0.7037037037037037,
      "numeric_mismatch_rate": 0.0,
      "polarity_mismatch_rate": 0.0
    },
    "dense_numeric_rrf": {
      "Recall@1": 0.0,
      "core_Recall@1": 0.0,
      "Recall@3": 0.2962962962962963,
      "core_Recall@3": 0.14814814814814814,
      "Recall@5": 0.2962962962962963,
      "core_Recall@5": 0.14814814814814814,
      "Recall@8": 0.2962962962962963,
      "core_Recall@8": 0.14814814814814814,
      "Recall@12": 0.2962962962962963,
      "core_Recall@12": 0.14814814814814814,
      "any_valid_Recall@12": 0.2962962962962963,
      "candidate_set_Recall@12": 0.2962962962962963,
      "MRR@12": 0.13580246913580246,
      "nDCG@12": 0.15199993426435712,
      "equivalent_only_hit_rate": 0.14814814814814814,
      "paper_recall": 1.0,
      "numeric_claim_Recall@12": 0.4,
      "range_claim_Recall@12": 0.5,
      "comparison_claim_Recall@12": 0.5,
      "limitation_claim_Recall@12": 0.5,
      "same_page_completion_contribution": 0.0,
      "adjacent_evidence_contribution": 0.0,
      "duplicate_rate": 0.0,
      "irrelevant_candidate_rate": 0.8918918918918919,
      "hard_negative_intrusion": 0.8918918918918919,
      "top1_hard_negative_rate": 1.0,
      "numeric_mismatch_rate": 0.0,
      "polarity_mismatch_rate": 0.0
    },
    "full_hybrid_rrf": {
      "Recall@1": 0.2962962962962963,
      "core_Recall@1": 0.14814814814814814,
      "Recall@3": 0.7037037037037037,
      "core_Recall@3": 0.48148148148148145,
      "Recall@5": 0.9629629629629629,
      "core_Recall@5": 0.7407407407407407,
      "Recall@8": 0.9629629629629629,
      "core_Recall@8": 0.7407407407407407,
      "Recall@12": 0.9629629629629629,
      "core_Recall@12": 0.7407407407407407,
      "any_valid_Recall@12": 0.9629629629629629,
      "candidate_set_Recall@12": 0.9629629629629629,
      "MRR@12": 0.5530864197530865,
      "nDCG@12": 0.6157828915143692,
      "equivalent_only_hit_rate": 0.2222222222222222,
      "paper_recall": 1.0,
      "numeric_claim_Recall@12": 1.0,
      "range_claim_Recall@12": 1.0,